antecedents,consequents,antecedent support,consequent support,support,confidence,lift,representativity,leverage,conviction,zhangs_metric,jaccard,certainty,kulczynski
frozenset({'apple'}),frozenset({'banana'}),0.3333333333333333,0.5,0.3333333333333333,1.0,2.0,1.0,0.16666666666666666,inf,0.7499999999999999,0.6666666666666667,1.0,0.8333333333333333
frozenset({'banana'}),frozenset({'apple'}),0.5,0.3333333333333333,0.3333333333333333,0.6666666666666666,2.0,1.0,0.16666666666666666,2.0,1.0,0.6666666666666667,0.49999999999999994,0.8333333333333333
frozenset({'grape'}),frozenset({'banana'}),0.3333333333333333,0.5,0.3333333333333333,1.0,2.0,1.0,0.16666666666666666,inf,0.7499999999999999,0.6666666666666667,1.0,0.8333333333333333
frozenset({'banana'}),frozenset({'grape'}),0.5,0.3333333333333333,0.3333333333333333,0.6666666666666666,2.0,1.0,0.16666666666666666,2.0,1.0,0.6666666666666667,0.49999999999999994,0.8333333333333333
frozenset({'bread'}),frozenset({'milk'}),0.5,0.3333333333333333,0.3333333333333333,0.6666666666666666,2.0,1.0,0.16666666666666666,2.0,1.0,0.6666666666666667,0.49999999999999994,0.8333333333333333
frozenset({'milk'}),frozenset({'bread'}),0.3333333333333333,0.5,0.3333333333333333,1.0,2.0,1.0,0.16666666666666666,inf,0.7499999999999999,0.6666666666666667,1.0,0.8333333333333333
